,train_loss,val_loss,train_psnr,val_psnr
0,57.57634926729424,77.68322822782729,-24.020367885195945,-18.0732068899146
1,7.968382813209711,48.52991188897027,-17.829843268470924,-16.24766829261337
2,4.817833345989849,31.73929942978753,-15.760540067274745,-14.617386343971061
3,3.6255061216132587,24.700753529866535,-14.563349688641543,-13.587445896103226
4,2.8667338615240054,20.52930826610989,-13.562607533751804,-12.81467131534107
5,2.4892539445744006,18.082933982213337,-12.936172749769103,-12.289334356474521
6,2.206804444069086,16.107563508881462,-12.424418799139696,-11.809239063073344
7,2.205639604080555,16.256181862619187,-12.383821415936664,-11.856911861522837
8,1.9567833612131518,14.938963108592564,-11.910421572018333,-11.5036069634083
9,1.8761632741883745,14.237767259279886,-11.714117703653331,-11.309046204160857
10,1.8228998849558276,14.94687188996209,-11.591637616393166,-11.49771089120318
11,1.9221773768580237,13.856629437870449,-11.805385457471656,-11.193087724023737
12,1.8234133165936137,13.966274857521057,-11.585364673651714,-11.22406647182431
13,1.7877598385478175,14.366135464774239,-11.52120676973367,-11.343476344612794
14,1.733262878240541,13.170036541091072,-11.377569851169005,-10.984225075811166
15,1.953483852120333,16.643182781007553,-11.811823543693125,-11.949369479014495
16,2.173987650316815,16.35036916202969,-12.33009581208032,-11.849968114863657
17,1.8734141017115393,13.283232225312126,-11.693781062618653,-11.0151617438869
18,1.7264882686526277,13.273263004091051,-11.353380700141027,-11.008673280811708
19,1.6472277840902638,12.670296523306105,-11.16073434974375,-10.822993706736549
20,1.7746580744898597,12.76473561922709,-11.477345781247108,-10.858093666723668
21,1.6285532441250115,12.87815229098002,-11.108135568828766,-10.883778164454963
22,1.608803824491279,12.314728962050545,-11.05705416784126,-10.702309210769581
23,1.5715587482895963,12.153125762939453,-10.959985020333269,-10.64289434998945
24,2.383487985300463,15.038266923692492,-12.60410186100102,-11.538691744361843
25,1.8101971426675485,13.56601227654351,-11.561795411592824,-11.115035199536196
26,1.6743640810944314,12.720328211784363,-11.238097006146917,-10.838020954960697
27,2.2432940416557843,17.6293236679501,-12.426016431148344,-12.193162768670142
28,2.0185038455696995,14.610613213645088,-12.005716485071833,-11.417230906226797
29,1.7055253450260606,12.63768818643358,-11.306177856200096,-10.80709523101044
30,1.5863048065540402,12.13962217171987,-10.999592893877251,-10.64355481229167
31,1.5544344347576762,12.198496182759603,-10.910258024289249,-10.665007380737249
32,2.0290951662285384,15.088766826523674,-11.936344006301551,-11.547812535612936
33,1.699765906223031,12.646011100875008,-11.286409660953147,-10.811908048146016
34,1.5962686050769894,12.407369600401985,-11.028975754567613,-10.730403287627595
35,1.5605633225551871,12.069043358167013,-10.928989912203981,-10.616018516771334
36,1.5419528251470522,11.987753219074673,-10.882597041974513,-10.58797057733164
37,1.5342714664547943,11.875040200021532,-10.851538662092231,-10.54811980709956
38,1.5202187116755996,11.808781888749865,-10.8129217713518,-10.524618001746491
39,1.5120718268461006,11.7143521838718,-10.781379111668222,-10.491232339738996
40,1.4950912697370662,11.71400445037418,-10.747595852384677,-10.48979269916097
41,1.485467232105344,11.538308501243591,-10.717333856117794,-10.42765443124481
42,1.4705082826836164,11.409588628345066,-10.663823485562958,-10.37748258573209
43,1.4590216082195904,11.273756623268127,-10.635549537017878,-10.330276201311184
44,1.5379631574763808,12.096596188015408,-10.854177968901705,-10.617791367999473
45,1.7547090619109398,12.500107871161568,-11.412938234599912,-10.75398233352105
46,1.8406534860300463,15.475158996052212,-11.601493133616604,-11.64278100283528
47,1.6280929343644963,11.596148159768846,-11.080871016975667,-10.447640638777635
48,1.465636373120685,11.357131136788261,-10.655375830342065,-10.36189475700508
49,1.4395496723263763,11.15821142991384,-10.57627420230939,-10.283522959686934
50,1.4354263261307119,11.094661778873867,-10.55791761639814,-10.262968835587058
51,1.4212766691695813,11.048634847005209,-10.525063468703676,-10.24690707222624
52,1.4761141400004543,10.953250103526646,-10.68580228816463,-10.208828057331374
53,1.524312338718148,11.079865190717909,-10.81835558421976,-10.257659357217065
54,1.4520532874173897,10.890296485688951,-10.613615434926068,-10.183518336759537
55,1.5532139667244844,12.791823916965061,-10.870272389080926,-10.85226973634041
56,1.4726611603138058,11.043714880943298,-10.671915434046518,-10.243343375222752
57,1.3901220410369164,10.804080684979757,-10.422092237476305,-10.148234985416225
58,1.3859428228333939,10.71560831864675,-10.414996922770705,-10.114398639137256
59,1.3709372764409975,11.165311495463053,-10.366067662248085,-10.279098501666681
60,1.4756298641825831,11.302372137705484,-10.675065783526566,-10.33927442029694
61,1.6582974056864894,12.734546767340767,-11.164384611942117,-10.828918790527048
62,1.5814510256745093,12.228057358000013,-10.96706985087333,-10.66495994593546
63,1.5549003955929779,11.221016883850098,-10.900060521759345,-10.310474696918952
64,1.4351250182750612,11.287503295474583,-10.560547910431149,-10.333549011715686
65,1.3754266783248545,10.657519658406576,-10.371430940280767,-10.091805653899907
66,1.3515760377395984,10.571809583240086,-10.302639241163744,-10.05937697547861
67,1.3510625794876454,11.578455249468485,-10.299194199230888,-10.433592051255335
68,1.4928281739700673,11.349272039201525,-10.71762570502458,-10.354236624333105
69,1.5432920145434001,12.407924718326992,-10.868496508018769,-10.712664232251575
70,1.5676064602164335,11.242531140645346,-10.906218089269002,-10.313431092095218
71,1.4217733072680097,10.538814041349623,-10.518914266922124,-10.043281264811164
72,1.3621991312781045,10.510596434275309,-10.340431485301329,-10.033833331579482
73,1.3291388666907022,10.342383530404833,-10.23524701650374,-9.96432559267596
74,1.3250840031823448,10.725388235516018,-10.222236529268795,-10.109313455959027
75,1.3541235990302507,10.795757518874275,-10.311993118540043,-10.143198343115825
76,1.3138506734093955,10.334956420792473,-10.180894931760374,-9.957005865463039
77,1.2996214933173602,10.473292297787136,-10.137129347283382,-10.017227342930644
78,1.303618120592694,10.900267269876268,-10.14845303522763,-10.17280306038372
79,1.3381288040515988,10.15330990155538,-10.253075455293388,-9.885415101663419
80,1.3114225520644076,10.426167143715752,-10.173117609397455,-9.997665113862451
81,1.3065447652062705,10.210119909710354,-10.151109782383822,-9.905825806334605
82,1.3379017807716547,11.631021777788797,-10.251018774925345,-10.442246072084693
83,1.4466114975685298,10.551589568456015,-10.589768168912368,-10.048103017848085
84,1.327142369469931,10.781328241030375,-10.219180367583565,-10.135538197019114
85,1.3606443449508312,10.844038618935478,-10.325705230543052,-10.14168064562264
86,1.3263495290002159,10.062252879142761,-10.215375785602037,-9.842482491527697
87,1.288314431212669,9.946331209606594,-10.09852341585902,-9.796691046280065
88,1.2845610862554506,11.594924992985195,-10.081166601040161,-10.42586845063545
89,1.3012380999188091,9.984378986888462,-10.12973707971469,-9.814231445720509
90,1.2584833899209666,9.921042217148674,-9.992461618012161,-9.786146654426219
91,1.3550580046897711,10.144550893041822,-10.315231292654595,-9.880630281612603
92,1.338200059047965,9.956208056873745,-10.244366004162156,-9.803320029690916
93,1.305828963878543,9.80998080306583,-10.15631360350899,-9.737613511681117
94,1.2543466878491778,9.834110273255241,-9.982523547048517,-9.748936360892932
95,1.3571902873904207,12.363254110018412,-10.290409400003833,-10.688445406444727
96,1.431042649025141,10.154179904195997,-10.53775752995164,-9.884624044274343
97,1.2918656903643941,9.86022706826528,-10.105970506058904,-9.763455244006293
98,1.3822794182356013,15.328302648332384,-10.360370224183043,-11.515172484060738
99,1.411133655281954,10.295137392150032,-10.46410482533414,-9.938941415795401
100,1.3974725324054098,10.93723135524326,-10.430372900475483,-10.187688714940062
101,1.3377137073250704,10.066806382603115,-10.254737694334997,-9.841169554305901
102,1.2446451408918513,10.10937292046017,-9.940169421618759,-9.864466968252762
103,1.2899050335551416,9.73870423105028,-10.088848613168649,-9.709188690071658
104,1.308397594718046,13.578758981492784,-10.156145356771423,-11.03257853798613
105,1.3132363252861554,9.59662926197052,-10.153462415131791,-9.64665573015176
106,1.3471071332000022,9.784843537542555,-10.264296429715985,-9.727522260159626
107,1.3120207409526026,9.912815610567728,-10.171110091846208,-9.778687421315196
108,1.2770832860192587,9.962059749497307,-10.05274388791357,-9.803573836462741
109,1.2284246888271597,9.565217402246263,-9.889123986335969,-9.631900074726076
110,1.218978078975234,9.66542281044854,-9.85482329923972,-9.675410315159667
111,1.2301889774411223,9.625168005625406,-9.902210227876166,-9.65973868508659
112,1.206357541195182,9.450594147046408,-9.806405207055597,-9.581668475423683
113,1.202684606507767,9.438276198175219,-9.795618800923453,-9.577157456057856
114,1.1976047915081645,9.39521038532257,-9.782834587685885,-9.55641551174722
115,1.1944572626158247,9.368847012519836,-9.766301836081333,-9.545469500064872
116,1.1983243498691292,9.660023026996189,-9.782964251841303,-9.673614298166639
117,1.386111463502396,11.13535123401218,-10.382405310615637,-10.25339467808175
118,1.3777366105900255,9.984271870719063,-10.38957849438183,-9.812068320062837
119,1.2577057417048965,9.664869520399305,-9.993076119641843,-9.679580262487269
120,1.2188815183417743,9.538770861095852,-9.86182003756032,-9.62207887994655
121,1.2181980243949002,9.558623048994276,-9.85531758891288,-9.629736490922296
122,1.2705046454141307,9.489106204774645,-10.027906416060098,-9.598728525571483
123,1.2592195244722588,9.675766242874992,-9.993433608136478,-9.677330746911132
124,1.3149291149405546,10.279882868131002,-10.177160462445933,-9.9290210866277
125,1.4532107508459757,10.326148086123997,-10.572689972601063,-9.952926794495772
126,1.265402288215105,9.746850185924107,-10.02198172847467,-9.711139952182002
127,1.2070027329200923,9.449524283409119,-9.816390817270426,-9.58175363448861
128,1.198678029969681,9.416544795036316,-9.775216687969099,-9.565621779708065
129,1.1872369766235351,9.251564701398214,-9.743394209885572,-9.490693313328498
130,1.1811072504797646,9.22429488764869,-9.715733764619037,-9.478356276492702
131,1.1763463530429574,9.229880240228441,-9.707967760150986,-9.480061434182808
132,1.2204455930133198,12.12721319993337,-9.856141170940145,-10.570575856380882
133,1.7845526185146598,20.52209276623196,-11.300659288547418,-12.713067048172881
134,1.7404659626095793,11.36035246319241,-11.349889599483095,-10.347471318275005
135,1.3343673617340797,9.938441687160068,-10.237364550642315,-9.78418393045835
136,1.242106872381166,9.556276215447319,-9.937135791265232,-9.631347714956611
137,1.2256344240765238,9.534498492876688,-9.874065684746192,-9.619306563961258
138,1.2143820917883585,9.493760453330147,-9.841511378386492,-9.599895659857573
139,1.192814299117687,9.341620789633858,-9.763233857623156,-9.533248105645043
140,1.2238708740056947,10.519655254152086,-9.86811329518255,-10.019272701678297
141,1.5287592510844386,9.792529291576809,-10.763299718492979,-9.727359934235679
142,1.2108209698699242,9.244697133700052,-9.829367835541225,-9.48500955608879
143,1.1684750534767328,9.144011550479465,-9.676948579303355,-9.440832324828209
144,1.1653788233912268,9.138566003905403,-9.655235566959309,-9.437561004833206
145,1.172924875658612,10.784922891192966,-9.69120565924779,-10.113036875563822
146,1.2603627404501272,10.19390771124098,-9.99947483798551,-9.884871741115308
147,1.201145542499631,9.15240916940901,-9.78952168189957,-9.442014609153592
148,1.1544721536858138,9.04987699455685,-9.621195806335786,-9.397886716931634
149,1.1516849429108376,9.023624764548408,-9.612975669841868,-9.384642801131129
150,1.259318212021229,9.407665491104126,-9.978552413782594,-9.561387761762576
151,1.2462462624838186,9.875667293866476,-9.951039952632154,-9.75523342929125
152,1.2163735944171286,9.053154084417555,-9.837594089152107,-9.397002676948887
153,1.1484540407047716,9.026104821099175,-9.599065893631868,-9.386467722652393
154,1.1444252457729607,9.020040485594008,-9.58631202735913,-9.382385151764073
155,1.2178945186526275,10.827899350060356,-9.829052230610996,-10.138253777534597
156,1.264479734731275,9.329630904727512,-10.006343570271955,-9.522668127456267
157,1.159373556181442,9.052478313446045,-9.630750546443789,-9.397477445947544
158,1.1397049881691157,8.92049076822069,-9.568655279109109,-9.335991890060976
159,1.135740127119907,8.891258902019924,-9.549825718501241,-9.321199903896003
160,1.1296768765116847,8.869995660252041,-9.517112356318288,-9.31123927878372
161,1.1293680789858795,8.863113072183397,-9.522842301993428,-9.307200705547025
162,1.4144823784051939,13.090136647224426,-10.373464354182898,-10.908570835977827
163,2.0643829611844793,14.069253616862827,-12.045922174573517,-11.239621971798636
164,1.4992619935856308,10.732816855112711,-10.725031553954084,-10.111378148278806
165,1.269760029814964,9.656498392422995,-10.031366173912268,-9.669012364584932
166,1.208373360301173,9.444323751661512,-9.818086594819741,-9.57665276443863
167,1.1950510734735533,9.36700361304813,-9.776922305202163,-9.541609023897253
168,1.1871405047039654,9.325368682543436,-9.743516390598332,-9.52407391183911
169,1.1986628066661746,9.531305604510838,-9.78206344392692,-9.61553273253538
170,1.1988819211028343,9.312713265419006,-9.786811923561322,-9.51793433040015
171,1.1903946122457816,9.730324771669176,-9.746097754079274,-9.698671988266053
172,1.190147231345953,9.517554269896614,-9.755873401088346,-9.608068523740464
173,1.2112420015556868,9.59383894337548,-9.817165617340864,-9.639019220009105
174,1.2174379171327103,9.383943875630697,-9.850043890079224,-9.548747953722149
175,1.1772321213123411,9.217847466468811,-9.706232298962401,-9.473399998693148
176,1.1624894009080045,9.143531534406874,-9.653954921716828,-9.439298004740955
177,1.1603540509246117,9.14247845278846,-9.64441111742733,-9.438389218816116
178,1.1594504711239837,9.146005630493164,-9.638952293969158,-9.440013620184128
179,1.2011402019234592,10.145789636505974,-9.781239043267105,-9.862117298677736
180,1.21566179852153,9.83047616481781,-9.840594256628124,-9.738891149584248
181,1.7700969252475471,10.303392622205946,-11.364892617935173,-9.949250871277119
182,1.2905470337978628,11.696781184938219,-10.088447149214378,-10.441993400001387
183,1.3242232344871343,9.905778341823154,-10.191253567995625,-9.771222720058717
184,1.1939060676929563,9.231866439183554,-9.759796213390679,-9.47769848077412
185,1.162336746481962,9.11426043510437,-9.649500211753477,-9.423663338058779
186,1.150531981712164,9.08412692281935,-9.608003155967777,-9.408852238716712
187,1.1474521792212198,9.053329335318672,-9.592068380862944,-9.396440506225982
188,1.1515887881434241,9.080795460277134,-9.610487004420934,-9.406807850675746
189,1.1518001179362451,9.281447701983982,-9.613290505366608,-9.4984868963843
190,1.2256014291630235,9.03701302740309,-9.85613432658132,-9.388253111226838
191,1.1474531927774119,9.029963480101692,-9.596127581318818,-9.385288629512068
192,1.312147717143214,15.337017602390713,-10.109463848550487,-11.498668159926902
193,1.6793615917826807,11.572844174173143,-11.161683594021266,-10.388545427925179
194,1.282717451938363,9.22265268696679,-10.05873013079316,-9.474084783406633
195,1.1801499300224836,9.10242932372623,-9.707968919653425,-9.419527941135001
196,1.1573829273844873,9.026926808887058,-9.632409352761037,-9.381866695239323
197,1.1424170449722646,8.940942949718899,-9.57403217041501,-9.342436006350315
198,1.134186068246531,8.92518436908722,-9.545146185810124,-9.33423689701786
199,1.1323012440703637,9.01690751976437,-9.528234044836845,-9.377671836019314
200,1.1371526318927143,8.90401181909773,-9.559373076725544,-9.325797170982835
201,1.127688137320585,8.876655883259243,-9.511088154413258,-9.310847648978331
202,1.1233778221662654,8.868261019388834,-9.498503198530068,-9.306761776543583
203,1.1223837852478027,8.850209395090738,-9.492757267729278,-9.297826320795961
204,1.1227930867394735,9.024802737765842,-9.499390478005871,-9.380628105966169
205,1.1300799480704373,8.829310695330301,-9.5229630846876,-9.287777459929174
206,1.117321830572084,8.808900581465828,-9.47470600091488,-9.280936955979506
207,1.1137223842532136,8.802827941046822,-9.467108268990295,-9.275734270746911
208,1.1147519887879838,8.887334651417202,-9.468492147658198,-9.317382639582918
209,1.1164950215539267,8.831899987326729,-9.471777791949153,-9.289891615268745
210,1.1256835183431937,9.127635836601257,-9.50859025664895,-9.426610773514142
211,1.1238120367360669,9.025599400202433,-9.496027905832651,-9.376597304985413
212,1.1432543599328329,9.113297051853603,-9.580145502485506,-9.419702100889456
213,1.1488423192223838,8.748161421881782,-9.594764316291537,-9.249357705212082
214,1.1088374226592308,8.77028501033783,-9.44017871064075,-9.258392281706286
215,1.3462182555087776,13.758581678072611,-10.201893298737115,-11.073583740624725
216,1.3757980568464412,9.272108422385323,-10.335547279629365,-9.491895611965681
217,1.4373230047004169,10.503925508923,-10.52754264530089,-9.993266557413639
218,1.1839124102925145,8.802379502190483,-9.73346366493133,-9.277503715625167
219,1.120050738578619,8.753291620148552,-9.487730046888547,-9.253095495914582
220,1.1046874778215274,8.665454970465767,-9.42508411362098,-9.211411018513031
221,1.0963550878125568,8.64114616976844,-9.38885392428823,-9.19877411862734
222,1.0992032228514206,9.189025402069092,-9.405714863594202,-9.45236333650718
223,1.1527946627417276,8.954438461197746,-9.60845565555621,-9.345803367452124
224,1.1137728003568428,8.61483707692888,-9.461554769655853,-9.183419957058604
225,1.091206060453903,8.579204797744751,-9.376952915135158,-9.167439247712386
226,1.109929002717484,8.701774636904398,-9.447864003683776,-9.227163601813167
227,1.1212174504302268,8.670809653070238,-9.48440976428664,-9.21151048681699
228,1.0891074091889137,8.522447453604805,-9.36898070675272,-9.138543492310962
229,1.0854588641676792,8.549728049172295,-9.349267558608995,-9.148919378414194
230,1.077668921892033,8.40150072839525,-9.323287064368582,-9.07741492003456
231,1.1199846955232842,8.622827079561022,-9.484878543216512,-9.190348032436386
232,1.1955628661222235,9.063086138831245,-9.757106603993432,-9.392268335933586
233,1.1033256885617277,8.547051376766628,-9.419528567927678,-9.150099777717589
234,1.0861793584601824,8.335400183995565,-9.351464892600324,-9.046778753277568
235,1.0947095981864041,8.542644633187187,-9.376757576848252,-9.145014530685856
236,1.0792819289273994,8.372905625237358,-9.325627337421102,-9.062301693753973
237,1.0595989182937977,8.294488138622707,-9.243047788356362,-9.027041108290117
238,1.0709298355634822,8.439090172449747,-9.293135414977794,-9.096708853247812
239,1.1046106072359307,8.699077844619751,-9.41951383342231,-9.224500001260889
240,1.1014129283816316,8.400179200702244,-9.416784472950221,-9.076629288777228
241,1.062551347599473,8.297939737637838,-9.25515007812569,-9.02833434808264
242,1.070785078891488,8.604430357615152,-9.289592175581983,-9.175499376628345
243,1.082925401731979,8.30411254035102,-9.334447642837334,-9.02816706111895
244,1.2650696931883345,9.795831653806898,-9.961876430735334,-9.696667802277648
245,1.2931133691654648,9.689293106396994,-10.098182338489728,-9.663732353323887
246,1.19296148211457,8.970326198471916,-9.759263860032247,-9.352473455107171
247,1.112800092475359,8.81922479470571,-9.448541783851349,-9.279220097692948
248,1.0955549328826195,8.726533346705967,-9.389023796726221,-9.237193428916413
249,1.0946424839108488,8.468134509192573,-9.390166590274148,-9.111681691736756
250,1.157621947000193,8.570203940073648,-9.610647743285165,-9.163590280403703
251,1.1434136058008948,9.376373834080166,-9.572255443180595,-9.529643643355344
252,1.1015843302704567,8.358810795678032,-9.411933945054207,-9.055059939650153
253,1.0540286485538926,8.226503067546421,-9.221876415707351,-8.987590685519045
254,1.0408892010533533,8.154236078262329,-9.170044291255389,-8.952108404257437
255,1.0743542892988338,8.697351866298252,-9.3080253692689,-9.219748607315847
256,1.0606492929680402,8.251945310168797,-9.255667204727295,-9.003479497522845
257,1.067822400913682,8.112349536683825,-9.284784702236875,-8.928799594929373
258,1.041296242558679,8.201205160882738,-9.168065098750112,-8.978276250667543
259,1.0364447527153546,8.084144287639194,-9.150183682805922,-8.914156963068594
260,1.036411001515943,8.238513774342007,-9.153147779460035,-8.994026044321096
261,1.069965996853141,8.767645253075493,-9.292872700261764,-9.24982407948759
262,1.2037559354028036,8.902627322408888,-9.792377735966923,-9.315051761566773
263,1.2072291108064874,9.096290760570103,-9.78216544729992,-9.402722268311084
264,1.9354231679162315,14.363958054118687,-11.70532526811627,-11.290854607439208
265,1.4595545835273211,11.136574056413439,-10.621177386296596,-10.22732990295494
266,1.269608865782272,9.32884849442376,-10.02080442281854,-9.516089541366021
267,1.169299746668616,9.033433636029562,-9.665795835470663,-9.379313791140728
268,1.1218666364980299,8.680476135677761,-9.488060701990447,-9.212646259536234
269,1.0998204652653185,8.561206804381477,-9.405705449339322,-9.152023308620315
270,1.0873632630636525,8.47656520207723,-9.363145407449748,-9.113189055618948
271,1.085001331151918,8.460933658811781,-9.354083754603908,-9.106432660752027
272,1.0735754035239995,8.36332697338528,-9.299085132574698,-9.059161960981656
273,1.063869840045308,8.43326116932763,-9.264978952772545,-9.092847774175373
274,1.0846073217170182,8.455138550864326,-9.343421364083323,-9.106629908754313
275,1.0643983397372934,8.31784000661638,-9.267854608133618,-9.035291762225539
276,1.0725629518198412,8.455225229263306,-9.299826326573111,-9.10124313470612
277,1.0616801372794218,8.198137786653307,-9.255596036459245,-8.975686266532811
278,1.044879292332849,8.253776258892483,-9.185347855079907,-9.00303151460363
279,1.0561315447785133,8.244485722647774,-9.233408182798428,-8.99795248963768
280,1.0725819609885991,8.307069235377842,-9.300117212444063,-9.028020899734884
281,1.0581081235131553,8.232483718130323,-9.239575738208497,-8.99205926772744
282,1.0593657759732977,8.5012995534473,-9.24592085953461,-9.125728953828736
283,1.056086710996406,8.167578829659355,-9.23154070225697,-8.95618758410651
284,1.0421019576316657,8.17461425728268,-9.17232893482979,-8.963200150262658
285,1.0346048022425451,8.122457226117453,-9.143413566522858,-8.937913172548456
286,1.412220098805982,14.02934906217787,-10.295724630844772,-11.098566886654995
287,1.5469755971154502,9.577164040671455,-10.860300192094675,-9.617233775769927
288,1.124993233348048,8.40524356895023,-9.505318777166819,-9.07558506431122
289,1.057518670725268,8.37053226100074,-9.239074465193111,-9.056785831259212
290,1.0421249478362327,8.146817392773098,-9.176218437839921,-8.94950262548119
291,1.0322931777599247,8.104033642345005,-9.133349632767588,-8.92541917913559
292,1.0292704582214356,8.211056735780504,-9.124607899992768,-8.976628334436962
293,1.1091733644174975,9.839188125398424,-9.425396327232484,-9.706519043962906
294,1.0723169504210006,8.070563236872355,-9.30556978008823,-8.904259143025252
295,1.056905112155648,9.060904966460335,-9.224567825532397,-9.386378899450214
296,1.0874624540639477,8.298470324940151,-9.358458105457105,-9.025873414262241
297,1.027641163315884,7.9792920218573675,-9.115927874324894,-8.860994031914185
298,1.010435523543247,7.9288282129499645,-9.039208054798053,-8.834233825285919
299,1.008882050181544,8.183010405964321,-9.034508763720103,-8.960857344398843
300,1.0319759191468705,8.140123791164822,-9.129725257749199,-8.940244448216221
301,1.0298766624095828,8.464909195899963,-9.130749296183872,-9.102212464528355
302,1.0560278515483057,8.09528256787194,-9.22492560675093,-8.920195630826825
303,1.0214053464490314,8.013136400116814,-9.088215047234284,-8.876579328394115
304,1.0153802028922148,7.858220948113336,-9.05951287046245,-8.79752508792181
305,1.0022794945295468,7.865127126375834,-9.009273615685386,-8.798213173242175
306,0.9956416839777037,7.926855378680759,-8.978042604471929,-8.830845371681486
307,0.9907221993734671,7.779878934224446,-8.960618225137816,-8.754321799405178
308,1.0035408862801485,8.284142163064745,-9.007807975291724,-9.013100437933671
309,1.1473762490028558,14.277738253275553,-9.551319404733773,-11.152486442447685
310,1.8898045872533045,14.362271070480347,-11.63717142205596,-11.25928375335807
311,1.5757361212442087,10.00000928507911,-10.92943015477776,-9.814150843174879
312,1.2836606136588162,9.342763119273716,-10.080097730253188,-9.529514900625813
313,1.165966654932776,8.96247332625919,-9.664082978705654,-9.353182150345425
314,1.1254181240880212,8.751578595903185,-9.507989287800935,-9.251425048651676
315,1.1010462760925293,8.572663598590427,-9.413812601288996,-9.164861085516007
316,1.084632234795149,8.48846357398563,-9.346734347455028,-9.121278334765199
317,1.0752315986988157,8.440954791174995,-9.312035052506245,-9.09793814317775
318,1.0678654959035474,8.508768227365282,-9.277799213602917,-9.12957414155639
319,1.0646370799042457,8.310738404591879,-9.263866225476724,-9.03195214391317
320,1.0516971410706986,8.277203718821207,-9.213924042546148,-9.013084186196046
321,1.0482525625894237,8.21625687016381,-9.202141864725085,-8.98249898053025
322,1.0405940898629122,8.187260601255629,-9.170808688620882,-8.96888507910795
323,1.0356050757474677,8.155766341421339,-9.14304000336646,-8.952942137151478
324,1.0389754450598427,8.115366988711887,-9.164859611234917,-8.931311370977093
325,1.0275735123212948,8.069301658206516,-9.118028281931524,-8.908720275285457
326,1.0217421709105026,8.06335821416643,-9.094930446333338,-8.908426958848239
327,1.0129045286843943,7.928893076048957,-9.056944283530212,-8.834118997849963
328,1.0064104967339094,8.134965856870016,-9.0278244240806,-8.941623015191144
329,1.0833822361258574,8.584400561120775,-9.344000738370333,-9.165525684678649
330,1.0364837402521179,8.06630920039283,-9.150692725366829,-8.902515253489783
331,1.0038758787997932,8.769988271925184,-9.013011383360642,-9.242267093655556
332,1.0367804859959802,7.883396175172594,-9.15570222692287,-8.807718260891967
333,1.0014553402745447,7.749845676951939,-9.00450966530703,-8.738406790076462
334,0.9963431646657545,7.814177168740167,-8.976369564576398,-8.770106629622687
335,0.9787066747975904,7.638189342286852,-8.896641030745668,-8.679878007184834
336,0.9729747639145963,7.74804781542884,-8.879563501703139,-8.739997091820058
337,1.0311003108357275,8.751616703139412,-9.120778753239604,-9.235047747986549
338,1.1710271103437557,11.53520898024241,-9.670239412842852,-10.3201343401482
339,1.2322933330092318,9.587234377861023,-9.874599149143576,-9.598233247444869
340,1.078471197083939,7.81349057621426,-9.321534978639045,-8.77312863712866
341,0.9804388933403547,7.64715149667528,-8.908485635829791,-8.684841874567583
342,0.9675922127657158,7.587641782230801,-8.857149329877272,-8.650965408556836
343,0.9630660988563715,7.567005409134759,-8.836863263637282,-8.639284749648434
344,0.9592166057852811,7.516449358728197,-8.819801035817369,-8.611617072391635
345,0.9672064803367437,7.727930161688063,-8.855474142608672,-8.726054999889017
346,0.9667269839796909,7.561783022350735,-8.850042672307879,-8.63546829786774
347,0.9650526157645292,7.756953199704488,-8.847126306486226,-8.739874877245509
348,1.0451654700345772,7.90317506260342,-9.184275675424736,-8.822430744229782
349,0.9813542676526447,7.622722334331936,-8.914028203372006,-8.668425925339024
350,0.979729956249858,7.691167738702562,-8.910339403183608,-8.703577968298958
351,1.024103849987651,7.826240791214837,-9.104544299039008,-8.776852287590406
352,1.0310844665349916,7.8413591782252,-9.12074212800845,-8.7857372116643
353,1.052432013666907,7.785118447409736,-9.20871512569856,-8.757478276907527
354,0.9680128430211267,7.452310217751397,-8.857114729260054,-8.576124998236999
355,0.9466120941694393,7.397299620840284,-8.759641275452394,-8.544477506056852
356,0.9396610770114633,7.3932062652375965,-8.724491713010845,-8.54033638011946
357,0.9555703118790028,7.4345592922634545,-8.80217693587709,-8.564128662791811
358,0.987172785470652,7.96640764342414,-8.928438969024599,-8.852014538934604
359,0.9798625236333802,7.561977161301507,-8.90896429593245,-8.630852566112322
360,0.9500107299449831,7.628616876072353,-8.76300696588363,-8.664477770964583
361,0.9857983744421671,7.618187732166714,-8.93586086462162,-8.66485482182048
362,1.0653801385746446,7.682923568619622,-9.266055824554563,-8.701403720842183
363,0.9806427889092024,7.471577564875285,-8.916291001342197,-8.585037367826919
364,0.9456075535264126,7.503050790892707,-8.75573403631695,-8.598827946620002
365,1.0014640054037405,7.8538225756751165,-9.004486908108241,-8.788673096171921
366,0.9983841208524482,7.522256639268663,-8.986307375126579,-8.612416334480205
367,0.9499006271362305,7.431314852502611,-8.778884856612796,-8.560076110471538
368,1.0049909702567168,15.379707641071743,-8.983208478851921,-11.380598241881376
369,1.7467440538628156,13.130994955698648,-11.328834027629842,-10.891354984470132
370,1.2922713479330374,8.874399052725899,-10.092677337893955,-9.295005337789373
371,1.1221274597700253,10.712500029140049,-9.491976491955016,-10.032596044919712
372,1.0964513224224712,8.03381379445394,-9.384572950581818,-8.883225900929451
373,0.9798477838205737,7.546284159024556,-8.907592061515473,-8.629788022861504
374,0.9524931286656579,7.4314390818278,-8.777062628772454,-8.563478947290447
375,0.9481635936470919,7.470144642723931,-8.767557137465971,-8.585496195341163
376,0.9523554003515909,7.418177074856228,-8.781276642436078,-8.55655288011149
377,0.9393952968508699,7.398986286587185,-8.725398120635104,-8.54595823250183
378,0.9353044798207838,7.385300106472439,-8.708169571089313,-8.538208955133808
379,0.9290211522301962,7.300048841370477,-8.67510772076933,-8.489402102253552
380,0.9282624887865644,7.368701457977295,-8.672212771985953,-8.528400274918685
381,0.9326768675515819,7.289881481064691,-8.692718515010009,-8.483609974440151
382,1.1036601399266444,8.251871373918322,-9.386631511988567,-8.99979924559296
383,0.9942752616350041,7.565866589546204,-8.97114589395034,-8.63831397267506
384,0.9537628861360772,7.447993040084839,-8.78962751838441,-8.572789937104256
385,0.941556668836017,7.383744623925951,-8.726895056277675,-8.533416454276754
386,0.9386150559713674,7.3474021090401544,-8.725372513299638,-8.515059080148816
387,0.9318998824718386,7.267822636498345,-8.687874087526538,-8.470364618698394
388,0.9406643313030864,7.740906291537815,-8.73355594845878,-8.730949652233392
389,0.9653659376987191,7.609780642721388,-8.845751031193124,-8.658318600536122
390,0.9402903689894565,8.94833713107639,-8.731862040100435,-9.307914151414108
391,1.2005718852198402,8.563711828655666,-9.766320365064509,-9.139598999071838
392,1.0798628940138706,7.644931276639302,-9.320116448580823,-8.673764410037949
393,0.9457575509714525,7.29711831940545,-8.759210827070607,-8.486364605773531
394,0.9258579276328863,7.23478905359904,-8.664618457226679,-8.451172822322064
395,0.9221396601477335,8.78226285510593,-8.646985971252102,-9.232503266165843
396,1.0470593385918197,8.791923893822563,-9.183968286901745,-9.232658136021074
397,0.9887982545897018,7.473830355538262,-8.943262673577152,-8.579022060930566
398,0.9489731034567189,7.410081691212124,-8.768938457153395,-8.546249688692818
399,0.9788554391195607,7.542904880311754,-8.891554219923696,-8.624633489974832
400,0.9973559778790141,12.442504233784145,-8.948257664095367,-10.565719757308187
401,1.2987813528193983,8.961086710294088,-10.094729715575296,-9.337415987649019
402,1.037301460532255,7.776411904229058,-9.154938473768938,-8.753043450908303
403,0.9652269230332485,7.432817776997884,-8.838242358239299,-8.562757920881536
404,0.9311157293097917,7.284855683644612,-8.685399610708297,-8.477682609035137
405,0.9246796718863554,7.292278461986118,-8.656152678676797,-8.480165593733716
406,0.9260552117990893,7.420452064938015,-8.662648647280573,-8.550237094152351
407,0.9306935931360999,7.22356915473938,-8.68619747049854,-8.446698554145597
408,0.9118064924728039,7.1990443335639105,-8.597096309657148,-8.426414890562889
409,0.9103133622990098,7.170628097322252,-8.588663503215756,-8.41139991212187
410,0.9079055786132812,7.238335861100091,-8.57758669632782,-8.452759528331814
411,0.9127048514610113,7.132112609015571,-8.605234551517434,-8.388044548506292
412,0.8997321062309798,7.169279403156704,-8.539497344964415,-8.408079924625877
413,0.907543353147285,7.328888972600301,-8.57619945995284,-8.500408381765858
414,0.9104259668394576,7.148370756043328,-8.587771559400974,-8.397337242106971
415,0.8973774532939113,7.087024490038554,-8.526499889458126,-8.363029120099883
416,0.9589721701865972,7.548628952768114,-8.803607788936171,-8.62533481977013
417,0.906338935674623,7.063428441683452,-8.570785001573189,-8.346276258589375
418,0.9426517730535463,7.408199071884155,-8.733617014958972,-8.539376740441323
419,0.9107662866281908,7.003459162182278,-8.592023120690904,-8.31448668878023
420,0.8990856636402219,7.723793003294203,-8.522928610939578,-8.709607066561205
421,0.9092590997385425,7.197789033253987,-8.579981737577544,-8.421016955697588
422,0.9089164179424907,8.086849702729118,-8.578019324068176,-8.900505543435882
423,0.9230579775433208,7.037789980570476,-8.643181485229961,-8.328540188311932
424,0.8828176210092944,6.9758026070064965,-8.45289576647259,-8.295534995550826
425,0.8889250533525334,6.997007714377509,-8.481466523917906,-8.30752072631605
426,0.8785409772118856,6.9632521867752075,-8.43316984932861,-8.28586646258791
427,1.0169083373491155,8.81383850839403,-9.035696056908112,-9.253754225478172
428,1.0324402897856957,7.448128422101338,-9.118065458016996,-8.564901808209289
429,0.9084416300751442,6.9331352313359575,-8.577628975848926,-8.268259515405731
430,0.88205590580785,7.062095681826274,-8.451803180892805,-8.342336157547123
431,0.943658697882364,7.36685397889879,-8.738857418582242,-8.523293976383421
432,0.8932630117549453,7.0253182252248125,-8.51079537695329,-8.321671375473436
433,0.8707331923551338,6.848573194609748,-8.397268703218199,-8.215957836518145
434,0.8738858422567678,7.187486092249553,-8.409859901148891,-8.412493603276037
435,0.8767941186594409,6.889290081130134,-8.426475835475209,-8.241962508089705
436,1.1083514878916185,8.581735014915466,-9.326287561077514,-9.152503371928294
437,1.1153566183045853,9.0637430217531,-9.45333035462185,-9.361207837909365
438,1.0283054285271223,7.687467919455634,-9.11474766923677,-8.696000307146464
439,0.9524808107420456,7.442795236905416,-8.783354510916787,-8.562304853785195
440,0.9081431167070255,6.942627906799316,-8.581441561062944,-8.276228445450819
441,0.8919404362523279,7.04791698190901,-8.495838558084797,-8.333740658086938
442,1.2099439044331395,9.52211340268453,-9.71573850636311,-9.572459736560289
443,1.5481008773626284,17.47004301018185,-10.796485562091751,-12.046640332514636
444,1.5577353898869004,10.001630663871765,-10.836107542317118,-9.795155628736293
445,1.0908699035644531,7.710142546229893,-9.354783545085498,-8.715230659531619
446,0.9613520023434661,7.402558618121677,-8.829084318758722,-8.545115332473836
447,0.9296971764675407,7.245869384871589,-8.685051066318417,-8.45476808196934
448,0.9156917771627736,7.144503169589573,-8.610324484521948,-8.395071555596378
449,0.907600615745367,7.117939194043477,-8.574287835946606,-8.379765715998396
450,0.9077356227608614,7.112324939833747,-8.580242817754446,-8.375315249791036
451,0.90564643283223,7.077461812231276,-8.565495229488581,-8.355545578962342
452,0.8960052845089934,7.054543031586541,-8.52313588761573,-8.340098809912895
453,0.8925612360932106,7.186853528022766,-8.508829587290442,-8.417328025863702
454,0.9062433087548544,7.057222657733494,-8.570137256577711,-8.341227180561845
455,0.8962030477302019,7.0114258660210504,-8.52415379379854,-8.313949307101973
456,0.9250734196152798,7.250920057296753,-8.651944839461828,-8.457318531324663
457,0.9230814955955328,7.328898655043708,-8.65062031277251,-8.4976994561607
458,0.9103064514869867,7.002225293053521,-8.587261338400888,-8.307725817167984
459,0.8945256321929221,6.948185258441502,-8.511369488746118,-8.275610373324124
460,0.8796216055404308,6.849115980996026,-8.441830241465437,-8.216576402813804
461,0.8743566779203193,6.940950393676758,-8.417146843047913,-8.273509365434276
462,0.9927577661913495,9.57084353764852,-8.948967541490486,-9.56479443006626
463,1.068592169118482,7.788841101858351,-9.261977675104909,-8.75132380115479
464,0.9420102696086086,7.045422236124675,-8.731721293833472,-8.336564720462839
465,0.8808703422546387,6.870107783211602,-8.446292245983676,-8.228334944793348
466,0.8678598026896632,6.811543186505635,-8.384974314707149,-8.19358391815479
467,0.8754686555197072,6.99106228351593,-8.422045891397492,-8.29964435465174
468,0.8690188784931981,6.760867542690701,-8.388826804424555,-8.158892334915391
469,0.8608305509700331,6.793786671426561,-8.340477375353148,-8.180639653924
470,0.8748348125191622,6.9636144108242455,-8.417798081619495,-8.285733140282177
471,0.9522448828054029,7.499729302194384,-8.769162375973346,-8.587660460854726
472,0.9349781613017237,7.101080934206645,-8.702985147838051,-8.363746358373534
473,0.880173603324003,6.788710580931769,-8.440643242585935,-8.177657559874604
474,0.8623571329338606,6.989118668768141,-8.358429333554536,-8.29766351258953
475,0.8540079693461573,6.691838277710809,-8.314888068901539,-8.116753436746915
476,0.8704451538795649,6.833982004059686,-8.388173573139936,-8.203271671527586
477,1.0266065619712652,7.989636076821221,-9.090142495955448,-8.84472767677185
478,0.9370849942052087,6.9291615221235485,-8.715476076586917,-8.259537840891456
479,0.8742809850116109,7.312569446033901,-8.419377092684055,-8.477235585748664
480,0.9198458982068439,7.205468270513746,-8.620092741811176,-8.416646537732301
481,0.9303756846938023,6.923197852240668,-8.678404740189874,-8.2558443364739
482,0.875056894435439,6.766585813628303,-8.420329167088871,-8.160492978288469
483,0.852552793192309,6.866014255417718,-8.30901820555299,-8.220430766530493
484,0.847745176803234,6.626663366953532,-8.285585143932048,-8.076525836394877
485,0.8434087154477141,6.6250475777520075,-8.262523838917387,-8.074001141175888
486,0.8515545711960903,6.663781192567614,-8.30067664479686,-8.099943931073588
487,0.8447469578232876,6.677951561080085,-8.263770301007932,-8.109744807524544
488,0.8426260016685309,6.705482496155633,-8.256117495208498,-8.12323776803586
489,0.8789274171341297,7.207499371634589,-8.433474755627245,-8.420257158848063
490,0.9268458011538483,6.875724911689758,-8.651602261903257,-8.225844714310442
491,0.8498015204141306,6.63230284055074,-8.297800517070506,-8.07999114734964
492,0.8428782928821652,6.760613335503472,-8.256374071741922,-8.157469748849023
493,0.979182629252589,8.789867599805197,-8.870752621900051,-9.228798863617607
494,0.9848407257434934,6.998252775934008,-8.91390013887427,-8.300635863367294
495,0.8638006543004235,6.700557986895244,-8.361387071329014,-8.120136776060097
496,0.8668875383776288,7.076606856452094,-8.371090639364313,-8.342142888296218
497,0.9106591557347498,8.100250840187073,-8.572217673736553,-8.880460666824902
498,0.9739287531653116,6.92637566725413,-8.876241025610698,-8.260033900496152
499,0.9012358931607978,6.831977076000637,-8.541991088122339,-8.20425371616307
500,0.879081459932549,8.161305798424614,-8.432088097985897,-8.911724422459226
501,1.1536503703095191,7.788265797826979,-9.565483170021592,-8.735907805400071
502,0.908402819966161,6.9202903509140015,-8.584347240553406,-8.250584089182803
503,0.856230363180471,6.624394403563605,-8.32230623582793,-8.073587526353078
504,0.8395067081894986,6.589996337890625,-8.238315406037042,-8.051433168263566
505,0.8353729137154513,6.569343593385485,-8.213204833279448,-8.038583267202558
506,0.8329917641573175,6.562106278207567,-8.202790633698791,-8.032476229280752
507,0.8331023260604503,6.52231486638387,-8.201353170305184,-8.007862741337968
508,0.8264905508174453,6.509999646080865,-8.16969345812143,-8.001590995559791
509,0.8300147788469181,6.561550749672784,-8.192709026120202,-8.034451379565937
510,0.8357442279194677,6.617685794830322,-8.213628544196963,-8.06789155998083
511,0.8387816384781238,6.528519511222839,-8.228667115616355,-8.00918584576782
512,0.8233161571413972,6.560979512002733,-8.156184452525977,-8.033146819967337
513,0.8353889842366063,6.517554071214464,-8.213634449220324,-8.001994965429287
514,0.8336103084475495,6.675688438945347,-8.19965157676133,-8.100913574604085
515,0.8731732701146325,6.676195634735955,-8.402338924603804,-8.100952989252983
516,0.8402298749879349,6.510516166687012,-8.24540200598424,-8.000149507467505
517,0.8363507248634516,6.534408503108555,-8.22528295196736,-8.01572194007686
518,0.8807266346243925,6.690921995374891,-8.436820641721706,-8.111503701538211
519,0.9046340631884198,6.9309977822833595,-8.560262154645455,-8.25319979159449
520,0.8703720159308855,7.441728234291077,-8.385157074625043,-8.539528717247094
521,0.928673016747763,6.869246813986036,-8.656146259644245,-8.219486750149953
522,0.834630649034367,6.454428871472676,-8.212126957580843,-7.9642727650873315
523,0.8187754010045252,6.491177108552721,-8.126680711415679,-7.987027331712038
524,0.8166082204774369,6.4601163731680975,-8.121296631892037,-7.968146949455329
525,0.822977764661922,6.718545344140795,-8.1554632758141,-8.123570576495581
526,0.8188257461370424,6.48390989833408,-8.12856572973108,-7.978695488563414
527,0.818880531399749,6.609958463244968,-8.132657264706246,-8.0601697614366
528,0.9193293571472168,7.834446761343214,-8.62155798004905,-8.742113639439442
529,0.8706204192582951,6.474917146894667,-8.393153492804167,-7.975854778532652
530,0.8143472715865734,6.41240734524197,-8.102900008603317,-7.9339517717828905
531,0.8112001640852108,6.367382460170322,-8.091191609237821,-7.908255222140555
532,0.8132229671921841,6.381512939929962,-8.098009488881392,-7.915614046521851
533,0.8063701119533805,6.374518632888794,-8.060014333918298,-7.9112936072334925
534,0.8085077884585359,6.371433059374492,-8.073452175861886,-7.908606677889641
535,0.8454331863758175,6.498894850413005,-8.26941143661252,-7.989933420111432
536,0.8932003908379134,12.626383264859518,-8.47871953498996,-10.60319996882836
537,1.204026339774908,8.241927199893528,-9.748877731138126,-8.990106825566116
538,0.9679771733838458,7.189393295182122,-8.858804625705636,-8.41275091544048
539,0.8679434798484624,6.70410336388482,-8.378955953837128,-8.119420239147988
540,0.8432749748229981,6.738026791148716,-8.252082193641781,-8.140338707756479
541,0.8165277569792991,6.370838834179772,-8.119021283403516,-7.907612330725777
542,0.8042599301005519,6.381325218412611,-8.051206677471443,-7.911747814554526
543,0.8248736226281455,6.4505734708574085,-8.155458359373045,-7.9554284167008
544,0.817689718202103,6.770939985911052,-8.12182961829411,-8.15637152238097
545,0.8226439742154853,6.503397325674693,-8.150491800124662,-7.98905635854298
546,0.8111438352008199,6.311953710185157,-8.08970767405331,-7.86698003477521
547,0.8110585456670717,6.914017981953091,-8.086284103529053,-8.241000478887033
548,0.9546948477279308,7.489957094192505,-8.779840459548295,-8.567023243045169
549,0.855100988787274,6.441861973868476,-8.313627879090443,-7.9508605528568115
550,0.8135092180828716,6.358534150653416,-8.102935290978946,-7.898567714232184
551,0.8641510852547579,6.687847071223789,-8.34754289769979,-8.108312399373702
552,0.8258614096530649,6.551907122135162,-8.167925719271317,-8.018381679260989
553,0.825076548997746,6.549148069487678,-8.166893994253662,-8.017769390249748
554,0.805791429031727,6.282527108987172,-8.056462293361099,-7.850445700888495
555,0.8760676805363145,9.326174789004856,-8.368362019194203,-9.431864834989323
556,0.9543313913567122,6.5805900891621905,-8.771843189027416,-8.041262347811813
557,0.8162307672722395,6.3322929872406855,-8.110513902673338,-7.879738442889872
558,0.7997733914574912,6.631319297684564,-8.024620929911526,-8.069392055298735
559,0.9164770392484443,7.307899554570516,-8.601711990963842,-8.470109901814089
560,0.8477537487828455,6.406520571973589,-8.273754599573133,-7.930151672451373
561,0.8760202319123024,7.506415605545044,-8.38232165309107,-8.583013348892266
562,0.9644018350645553,7.89806882540385,-8.828726979830252,-8.779131662046211
563,0.8977284542349881,6.693943288591173,-8.515824743375536,-8.110447779581904
564,0.8220700485761776,6.3600822819603815,-8.144845635065987,-7.900418129662577
565,0.8012847013251726,6.623396442996131,-8.040009552551268,-8.066875344983561
566,0.8061781417491825,6.275286184416877,-8.057722797885935,-7.838563898473219
567,0.7948293752448503,6.245152718491024,-8.004859413102885,-7.823094365264966
568,0.7940324738968251,6.796085132492913,-7.998571539036561,-8.171295468349484
569,0.8173141656919968,6.39129767815272,-8.10332192423955,-7.915326552777212
570,0.8015864438788836,6.299545692072974,-8.039375029738883,-7.855695297349783
571,0.7911068561465241,6.296961492962307,-7.9782439764405995,-7.853472157217551
572,0.7960112970928813,6.232878333992428,-8.007781366872853,-7.813682625038518
573,0.7929348923439203,6.228368765778011,-7.9892427179129255,-7.811729643225566
574,0.7937501153280568,6.307484156555599,-7.993965012526143,-7.8641694225272225
575,0.8150973297828852,6.3602513737148705,-8.10704420816572,-7.899289624295051
576,0.8456706468449082,6.338543097178142,-8.260577380633984,-7.8847897751397955
577,0.8078614323638206,6.571826299031575,-8.07231104845436,-8.028157952140226
578,0.789659506775612,6.1903382076157465,-7.972853425193734,-7.786629779834117
579,0.7851902584696925,6.277884946929084,-7.948108278702721,-7.844542920806636
580,1.2454475491545922,15.70184698369768,-9.574558372642983,-11.612745455600546
581,1.630605152041413,11.10895299911499,-11.102809258405621,-10.247752545652185
582,1.340114957232808,9.994690987798903,-10.268214785903835,-9.81030247156183
583,1.2488481965175895,9.571659101380241,-9.963685782257224,-9.625512785881089
584,1.282578344123308,9.80260451634725,-10.068716636228698,-9.72044359299578
585,1.1885483320369277,9.106857167349922,-9.738877702745468,-9.419831265960694
586,1.1387246797251147,8.991362611452738,-9.556850389865698,-9.365812265850728
587,1.1465413381887037,8.668040328555637,-9.58868380032072,-9.210314784315143
588,1.1628978995389716,9.314381851090324,-9.621054372237197,-9.507404491092542
589,1.720400118273358,15.303495420349968,-11.243209189197925,-11.471259726102886
590,1.3801691565402718,9.682844241460165,-10.353637077896579,-9.652688150417513
591,1.1584314235421114,8.571153892411125,-9.608883940479883,-9.155526213922785
592,1.0427289541377578,7.946755382749769,-9.178067286806758,-8.840906248586752
593,1.0002313103786735,7.820862876044379,-9.004645502671405,-8.772318465224322
594,1.0321683750596158,8.258623705969917,-9.13210010850017,-8.993160800327603
595,1.0068829957828966,7.582093053393894,-9.021401157589906,-8.64373613774039
596,0.9601158452588459,7.549420648150974,-8.818744298060363,-8.624057741411258
597,0.9616712947224462,7.5705819262398615,-8.826403143618935,-8.635639696869685
598,0.9908855393875476,9.343867262204489,-8.945019020584617,-9.474044977575042
599,1.187969110178393,9.758473687701755,-9.729811152190248,-9.670498266958798
600,1.1024675701939783,7.836130645540026,-9.393493255056452,-8.779301003923557
601,0.9695423969002657,7.435587326685588,-8.860628329870313,-8.561264794263906
602,0.9433544247649437,7.402364042070177,-8.750425275288082,-8.541117129553093
603,0.9406281049861465,7.5987764199574785,-8.72666345622121,-8.650953629300144
604,0.9559910175412201,7.468139595455593,-8.798233936966048,-8.580571022926245
605,0.9357214728067088,7.31823272175259,-8.706961238039089,-8.49467443217889
606,0.9247425057167231,7.2762769725587635,-8.65564013414544,-8.470532042063178
607,0.9248572238655978,7.468418624666002,-8.665742630096771,-8.577387488059756
608,0.9374917119048363,7.344740178849962,-8.719468396333436,-8.508341235392813
609,0.9429288398387821,7.572129249572754,-8.74705811276086,-8.631130319963013
610,0.9150490051092104,7.059333973460728,-8.610639018385992,-8.342251254118285
611,0.892736377272495,7.000859406259325,-8.502934933811106,-8.305840833822838
612,0.8848174960114236,6.958330326610142,-8.465157471747325,-8.278334231530767
613,0.9113920433576717,7.023705813619825,-8.597199191208698,-8.320228332579404
614,0.8829884285150572,6.898980233404371,-8.447458457180543,-8.244080037273521
615,0.8714668318282727,6.853342241711086,-8.401678076351503,-8.214765907466534
616,0.8832643442375715,6.887363870938619,-8.451453954746935,-8.238252653533259
617,0.8670613311057866,6.808172212706672,-8.37570773831918,-8.190419991755665
618,0.8672364745029183,6.858026716444227,-8.376825422919053,-8.218289354697852
619,0.8608423055604447,6.784030119578044,-8.352067688532948,-8.174346025336794
620,0.8576606218204942,6.743949214617412,-8.33552817796076,-8.150159532894852
621,0.8524452054223349,6.767139593760173,-8.303941643590813,-8.165334489366444
622,0.9457267428553382,8.216872678862678,-8.742462428393965,-8.9582386111117
623,0.9610440032426701,7.029887888166639,-8.826550705931444,-8.3176165212167
624,0.8594695512638536,6.717107031080458,-8.333951317457217,-8.130813456056318
625,0.8586314223533453,6.9934252632988825,-8.337529027968314,-8.29589831673325
626,0.9671808974687444,7.583624972237481,-8.82637431013753,-8.626698201309102
627,0.9522872703019962,6.9931433068381414,-8.781238724543744,-8.290873455662501
628,0.8695745778638263,6.758448547787136,-8.394268757786076,-8.155663929019996
629,0.8579216225202694,6.821735183397929,-8.332248132117128,-8.19795906083139
630,0.8614930773890296,7.05110768477122,-8.348971145504082,-8.33117537934181
631,1.0463116069172704,7.082950274149577,-9.139677831354165,-8.34466584461921
632,0.8751486467760663,6.767862002054851,-8.416515510369916,-8.160656497522007
633,0.8593147011690362,7.29604529009925,-8.341604227592606,-8.464813998814211
634,0.887294254746548,6.874510871039496,-8.468054055322934,-8.227773709918687
635,0.8667297230210416,7.176396158006456,-8.37425040993042,-8.399714090208672
636,0.8623726379039676,6.852632111973232,-8.356741561740371,-8.211325654824716
637,0.8711026613102403,7.580218116442363,-8.387387113146245,-8.619984858525742
638,0.8838327585264694,6.625656922658284,-8.457107230697673,-8.074177373892205
639,0.8396603828252748,6.589447710249159,-8.240327096581971,-8.051314398511844
640,0.83205127272495,6.55842391649882,-8.200926017480482,-8.032478313160945
641,0.8579788695934207,8.728608330090841,-8.322113475548624,-9.168576249977885
642,1.0334927270578784,7.239091647995843,-9.105862686573005,-8.43812016118475
643,0.8752126871153366,6.742422699928284,-8.413814533053786,-8.145705084267297
644,0.8482632393060728,6.642529739273919,-8.277017796713226,-8.083459740873954
645,0.8355627725290697,6.61546524365743,-8.215923126640712,-8.065567322192111
646,0.8325332042782806,6.571011728710598,-8.204148277327318,-8.035333116095705
647,0.9233283175978549,8.26100468635559,-8.55304447518689,-8.977692958078952
648,1.0559594487034998,7.624247815873888,-9.220550689916442,-8.66220218715783
649,0.930813137320585,7.1020481321546765,-8.670506338184355,-8.363472393632009
650,0.8822719241297522,6.771273374557495,-8.453998840501484,-8.165087878565862
651,0.842324161529541,6.552231166097853,-8.253553499624909,-8.0260190016131
652,0.8375177605207577,6.664186583624946,-8.230614816366462,-8.096812597917367
653,0.8728012661601222,6.782376660241021,-8.408081400854833,-8.166496526634376
654,0.8966580146966978,6.900233745574951,-8.513211738920047,-8.237488976600554
655,0.8420520117116529,6.529940221044752,-8.252428093480473,-8.011719600730219
656,0.8227113169293071,6.509832832548353,-8.14728968245829,-7.997836245727107
657,0.8154915476954261,6.44774807161755,-8.105222699751373,-7.958684119185443
658,0.8144600313763286,6.455925848748949,-8.097204743307646,-7.965477546589081
659,0.8222493637439816,6.426272564464146,-8.150711120128497,-7.9435607257235255
660,0.8194969243781511,6.452528794606526,-8.130005750181388,-7.963749276620463
661,0.8142675954242086,6.346898469660017,-8.105319575593967,-7.891591857064473
662,0.8073854335518771,6.376758489343855,-8.056363818827263,-7.9124618617850535
663,0.8100618672925373,6.380558523866865,-8.083037029302094,-7.914059252032276
664,0.8086296037186024,6.391762574513753,-8.069035777730122,-7.922115118341982
665,0.8815247003422227,7.65066463417477,-8.418899733757472,-8.643928097204315
666,0.8778291014737861,6.515005793836382,-8.419406536262786,-7.993621359488535
667,0.8160717964172364,6.387693987952338,-8.117764034937974,-7.917522049279802
668,0.80904213883156,6.386092106501262,-8.079441307417024,-7.916471471487294
669,0.811123535244964,6.458007388644749,-8.094004752208756,-7.963970986448343
670,0.79897300587144,6.327137993441688,-8.024974891522296,-7.87478850588904
671,0.8016059387561887,6.343203114138709,-8.038400338915537,-7.889705824061723
672,0.8160249000371889,6.59894601504008,-8.11766667052991,-8.04876382800088
673,0.8101173556128214,6.644558270772298,-8.084268288701148,-8.074954460319239
674,0.8110426858414052,6.555549985832638,-8.090120182887276,-8.019769836121622
675,0.7994393393050793,6.26331145895852,-8.025646774000418,-7.834791562766288
676,0.7903464006823163,6.2217928700976906,-7.9771613540422015,-7.806826665187669
677,0.7925633519194847,6.453781366348267,-7.981618991118983,-7.955259826536473
678,0.8407643939173499,6.33574636777242,-8.227897346340557,-7.877957850832061
679,0.9084024096644202,8.498367230097452,-8.524969837920976,-9.08635164570525
680,2.0491401982861897,11.924035535918343,-11.867641531295158,-10.538072346692227
681,1.3482719598814499,9.714283241166008,-10.276480810551277,-9.67707845569126
682,1.1583695278611295,8.807861659261915,-9.629086150857356,-9.271673906321864
683,1.1016194609708565,8.55142727163103,-9.415685044532735,-9.150840336882798
684,1.0753497611644656,8.35643184185028,-9.31786681441677,-9.05484576628968
685,1.0566717813181323,8.243406984541151,-9.24386685746578,-8.995496517517829
686,1.063336827034174,9.095949822001987,-9.262347646063413,-9.399078241754374
687,1.0537149917247683,8.170723067389595,-9.222040840348212,-8.957450524894963
688,1.023432150552439,8.010154141320122,-9.098658165946139,-8.879041515651995
689,1.014811413787132,7.95000954469045,-9.059592989262269,-8.848089623843116
690,1.008192477115365,7.904342134793599,-9.034703202719852,-8.822477002085328
691,0.9989583902580793,7.8682164616054955,-8.992518928522765,-8.80196442133619
692,0.9920489089433537,7.769504030545552,-8.959389551869961,-8.747955557307938
693,0.9897357142248819,7.706868211428325,-8.947706030367842,-8.713512266149188
694,0.9740774797838788,7.643681645393372,-8.884141876515029,-8.681053331227627
695,0.970310905367829,7.60086731115977,-8.861779712066767,-8.657772424537859
696,0.9610630944717762,7.519538839658101,-8.829917339365064,-8.612633891605173
697,0.950790247806283,7.489697972933452,-8.774710778040767,-8.59350406707485
698,0.9474902729655421,7.419140087233649,-8.75943677428351,-8.554170330056548
699,0.9351628126100052,7.290403140915765,-8.70739580608126,-8.479777456255109
700,0.9362230411795682,7.46593013074663,-8.711461111628008,-8.574237761961715
701,0.9458126467327739,7.407680617438422,-8.751443041723364,-8.545555803353704
702,0.9761643032694972,7.929148157437642,-8.882312134382206,-8.81015557918529
703,1.0217310927635015,7.540068520439996,-9.082312216669708,-8.616413680933443
704,0.943361535183219,7.242035879029168,-8.739042025807178,-8.454321660915639
705,0.9219823282818461,7.166572398609585,-8.647977190364276,-8.408641871060189
706,0.904339770383613,6.991978579097324,-8.559856825139336,-8.301898585569441
707,0.888696262448333,6.935130132569207,-8.483174499900471,-8.267320998937434
708,0.8916768672854402,7.0000414450963335,-8.499106572336556,-8.309089333183486
709,1.185284960547159,9.156036721335518,-9.689975064181315,-9.384343478644848
710,1.119449411436569,8.10624118645986,-9.44787928043231,-8.905010344938672
711,0.9527056073033533,7.1599991586473255,-8.783940167948694,-8.40513270630357
712,0.9052918190179869,7.047568824556139,-8.570048823394428,-8.340076498124027
713,0.8978313335152559,7.000261863072713,-8.532975592105117,-8.309814954881103
714,0.8806327886359636,6.88271959622701,-8.440601856963534,-8.236716083999541
715,0.8727836608886719,6.911583648787604,-8.404342811665577,-8.255653088268604
716,0.8736161431600881,6.829942080709669,-8.408917547624627,-8.20448817417638
717,0.8653255906215934,6.767860836452908,-8.373191892700559,-8.166158524087706
718,0.8726073797359023,6.980414032936096,-8.411277369064875,-8.29656531356301
719,0.8684757587521575,6.734130554729038,-8.384176894999703,-8.14497681901078
720,0.8644054945125136,6.728155016899109,-8.364580662474774,-8.14066815694325
721,0.8596848554389421,6.686405208375719,-8.341767055187606,-8.113420183445776
722,0.8586627073066179,6.729753255844116,-8.327805502913094,-8.140670894136257
723,0.8506573322207429,6.706897510422601,-8.293441736862425,-8.125865968162993
724,0.8525130870730377,6.74595230155521,-8.302207108129616,-8.147154758775777
725,0.9879185410433038,10.767776555485195,-8.85060238702076,-9.977572248914615
726,1.0003891079924827,7.1190471516715155,-8.972151484440733,-8.37380716949178
727,0.8936754869860272,6.8706609275605945,-8.511476110060883,-8.228310267092684
728,0.8637033573416777,6.670976877212524,-8.36111987263612,-8.103074438505827
729,0.8520136456156886,6.6732240253024635,-8.301223815488656,-8.105118637995965
730,0.8398806128391,6.604327585962084,-8.235167031216308,-8.061831658965652
731,0.8333998924077943,6.558256096310085,-8.20946619211305,-8.033026224365535
732,0.8348612851874773,6.57180670897166,-8.216276511574835,-8.040631328390857
733,0.8330314503159634,6.5537461704678,-8.204090345860338,-8.02974949206276
734,0.8306313359460166,6.766341659757826,-8.191967432972975,-8.158593313404886
735,0.833762049120526,6.740768684281243,-8.207539226530622,-8.145737593312564
736,0.8403200238250023,6.527644607755873,-8.240339943142327,-8.011918045013203
737,0.8271442368973133,6.53349769115448,-8.180007763929257,-8.01616203983974
738,0.820069883036059,6.451126707924737,-8.133585636941982,-7.963531903008227
739,0.8233742336894191,6.626743727260166,-8.15165220230908,-8.07308043395439
740,0.9826264048731604,6.992870860629612,-8.888560168115632,-8.29712347559651
741,0.8538773337075877,6.585742659038967,-8.310430458572782,-8.047540344197675
742,0.8273856473523516,6.473165326648289,-8.176650774019778,-7.975847344870003
743,0.8163668033688567,6.71450232134925,-8.114907075568654,-8.12559541305037
744,0.8861273432886878,6.536239120695326,-8.452697106769351,-8.013631318227008
745,0.8429136675457621,6.541381312741174,-8.242630573086279,-8.018522457153857
746,0.8182754383530728,6.601751738124424,-8.131326378509263,-8.057253830959416
747,0.8870168907697811,6.90927967760298,-8.47417167533299,-8.239266374978206
748,0.831167445071908,6.418319470352596,-8.190063756778793,-7.940029403677177
749,0.8106550726779672,6.360732171270582,-8.07876122568949,-7.901940872273609
750,0.8058290104533351,6.388094418578678,-8.058799438767114,-7.919444821537716
751,0.8095146489697833,6.5356418755319385,-8.082523579053822,-8.01368329677034
752,0.815748234682305,6.32677502102322,-8.113634051950768,-7.879572944086844
753,0.812639449363531,6.894852969381544,-8.08711770456736,-8.228179720771205
754,0.9407180897025175,7.48668724960751,-8.714167999996496,-8.565520960370169
755,0.8515467399774596,6.440260608990987,-8.291404926575765,-7.950064564234808
756,0.8307611199312432,6.404923346307543,-8.18788865128887,-7.930952591083535
757,0.8033622076345045,6.305468612247044,-8.05148647340196,-7.864550937885635
758,0.79892138991245,6.350923816363017,-8.017780981231416,-7.895879284481325
759,0.8443275318589322,6.356502486599816,-8.253240235442625,-7.898855791651101
760,0.796036030525385,6.2735299997859535,-8.003810514068883,-7.844498324366222
761,0.847993941639745,6.5266127122773065,-8.263308046019498,-8.006180569519504
762,0.8225894883621571,8.58892469935947,-8.15107323601541,-9.096003011124377
763,0.964360523223877,6.689236236943139,-8.82269271691904,-8.102793053307657
764,0.8160232965336289,6.2857747077941895,-8.11071639641288,-7.849021120849405
765,0.7912125920140466,6.233561356862386,-7.986571331298546,-7.817183069450667
766,0.8160496534303178,6.268098678853777,-8.112938810498191,-7.839315139225063
767,0.7979043760965037,6.239082157611847,-8.021322257650127,-7.820141086908183
768,0.7947441034538801,6.435266766283247,-7.998925891630784,-7.948794750987495
769,0.7917423514432685,6.210601773526934,-7.99055909537939,-7.802006039405949
770,0.7890383964361146,6.2522158821423846,-7.969493324026724,-7.827084424970487
771,0.7943420720654865,6.174086226357354,-8.00238298518295,-7.776859337479122
772,0.7865879391514978,6.2500721083747015,-7.959202805485512,-7.827042488182424
773,0.7938102589097134,6.355687028831905,-7.994747601174566,-7.893946161603613
774,0.7976377221040948,6.194587992297278,-8.019232057501915,-7.789517378810124
775,0.7779600587002067,6.1179569363594055,-7.90887691441899,-7.7378314264954575
776,0.787082783011503,6.206139193640815,-7.960982786647613,-7.801309542245928
777,0.7789935888246048,6.160945819483863,-7.911087674541512,-7.769398862253782
778,0.8011364360188329,6.938848767015669,-8.037769637535847,-8.249791680452656
779,1.133613575336545,9.949783192740547,-9.319286917940516,-9.74332178685924
780,1.030293755198634,6.8946448299619885,-9.086598305837102,-8.242480558690403
781,0.8412101590356161,6.495153427124023,-8.250915003932409,-7.99298650374971
782,0.8169953346252441,6.386361155245039,-8.118330886168996,-7.922334557633353
783,0.8060335137123286,6.38440920246972,-8.062147949545261,-7.922367385014463
784,0.8036918373995049,6.368174864186181,-8.049126188257468,-7.911418888506071
785,0.842176091393759,6.640412886937459,-8.243610416143095,-8.082959452980326
786,0.8169500417487566,6.393837359216478,-8.116393803616983,-7.925471644023457
787,0.8017582361088242,6.317839907275306,-8.03809260296225,-7.877822256572595
788,0.8124993878741597,6.702038394080268,-8.093682358240292,-8.117136323325544
789,0.8333607030469318,6.400779492325253,-8.193765724907722,-7.923358334630744
790,0.805958492811336,6.23486198981603,-8.0652865698445,-7.821852803026889
791,0.785434816049975,6.136798858642578,-7.949711936943693,-7.751225115611518
792,0.7701704868050508,6.088620026906331,-7.8612651378273695,-7.715662919102943
793,0.8248240781384845,8.031757434209188,-8.140440970471868,-8.821711355100108
794,1.007394404743993,6.8428078757392035,-8.957004493632567,-8.198882158234772
795,0.838415724732155,6.358209338453081,-8.218476166046967,-7.893474175966487
796,0.7817727687746979,6.133891827530331,-7.932665240714537,-7.746290244947551
797,0.8068843619768009,6.086771521303389,-8.060549257500584,-7.713840855377334
798,0.7632743879806164,6.063863979445563,-7.825415253854569,-7.6986761617531085
799,0.7623867744623228,5.986974742677477,-7.8123291046899075,-7.644984799611025
800,0.7642068729844205,6.045142379071978,-7.829438757523268,-7.686274662837906
801,0.7571578779885936,5.994145572185516,-7.789243671516648,-7.651113345619375
802,0.7582835042199423,5.9694454073905945,-7.791986508836095,-7.6332836720347395
803,0.7629557032917821,5.994779699378544,-7.823912639367489,-7.651632375668951
804,0.7565308260363202,6.1467168596055775,-7.7854682280158665,-7.752120303079461
805,0.7560041959895644,5.98865485853619,-7.787581264109513,-7.647567679099241
806,0.7547581717025402,5.936106383800507,-7.774056418265986,-7.6115880503441655
807,0.7481278286423794,5.9895449545648365,-7.74289601961853,-7.648127063830485
808,0.7657759599907453,5.986442473199633,-7.8363864687310745,-7.641224379151713
809,0.7603654861450195,6.11365090476142,-7.810575102267349,-7.729078681074469
810,0.7597580909729004,5.9362351232104835,-7.802988560998331,-7.60903220075459
811,0.7483823842780535,5.904529849688212,-7.739039877937322,-7.588321245567826
812,0.7460007157436637,6.0847564405865135,-7.7238176749596485,-7.712943176892657
813,0.7556958309439725,5.963597019513448,-7.777169118299968,-7.628160032439299
814,0.7587492654489917,6.112932509846157,-7.799438730904176,-7.728676540798749
815,0.825448524120242,6.265006714397007,-8.148421790977759,-7.8282851829482905
816,0.7698778795641522,5.911387205123901,-7.862330730539206,-7.592588409484264
817,0.7465308743853901,5.913420153988732,-7.729095775482504,-7.594178218784372
818,0.7514940150948458,6.0332825978597,-7.760835435979382,-7.673724983767262
819,0.7656276591988497,5.96757075521681,-7.841032164604622,-7.631441390311977
820,0.7761688831240632,5.955761525366041,-7.8972024820637,-7.621089145404582
821,0.7769588847493016,5.993129418955909,-7.899110844337293,-7.6432567700588345
822,0.755851308689561,5.868863920370738,-7.781891198543809,-7.561626491029147
823,0.741553577156954,5.884521067142487,-7.702152076607057,-7.5714888072419235
824,0.7391503444937773,5.874048941665226,-7.684673133541444,-7.564457154257913
825,0.7482353986695756,6.113751113414764,-7.729324720044498,-7.7269350089631486
826,0.7484663031822028,5.987588663895925,-7.73819490311849,-7.645742885291451
827,0.7335842598316281,5.83744215965271,-7.654847911267909,-7.5400105873604115
828,0.7306996966517249,5.83398359351688,-7.641109585111037,-7.5368679754966355
829,0.7303370874981547,5.826992909113566,-7.635285010129065,-7.529892178052953
830,0.7303217333416606,5.824618577957153,-7.635119145722901,-7.531747156618222
831,0.7387047346248183,5.801731871234046,-7.682189562997785,-7.51284807081628
832,0.7308449856070585,5.8228679895401,-7.6371565325418205,-7.5312808557119
833,0.9326243821964707,7.14799608124627,-8.567515837167456,-8.363341002768813
834,0.804421750889268,5.952760729524824,-8.031253794998978,-7.621706581480008
835,0.7492209811543309,6.082862271202935,-7.747683185333903,-7.705407171650835
836,0.752693129694739,5.894065982765621,-7.767705950277826,-7.576346966797971
837,0.8458361958348474,6.6951974630355835,-8.244390340981848,-8.098814578903577
838,0.7889174173044604,5.905062317848206,-7.962892201798485,-7.582140782735639
839,0.7351433376933253,6.01867718829049,-7.658551637995906,-7.662237021416227
840,0.7450322860895201,5.770196775595347,-7.711000657011639,-7.4901101080335115
841,0.737733852031619,5.947313361697727,-7.679576985271724,-7.61432507522924
842,0.7432090315707894,6.092592047320472,-7.705890847174565,-7.709520468281408
843,0.735506696479265,5.7571442524592085,-7.664074032711078,-7.47970456611015
844,0.724543176695358,5.8373241954379615,-7.599098311822824,-7.536548475524155
845,0.7294693791589072,5.837525486946106,-7.628155342956314,-7.53736289098378
846,0.7298017080440078,5.792385286755032,-7.628352427616898,-7.503175921879748
847,0.7217069980710051,5.7234119640456305,-7.585094827911588,-7.454600810331396
848,0.7282443512317747,6.036139746507009,-7.6213043645499265,-7.675094936809837
849,0.7335792652396269,5.80404876338111,-7.652548632703333,-7.51331130497564
850,0.7445669218551281,5.890883054998186,-7.717008790545029,-7.572569399747116
851,0.7527319109717081,5.833548850483364,-7.766976705571837,-7.532122794970001
852,0.7414165607718535,5.816830237706502,-7.697846025343255,-7.52096142086147
853,0.7505431441373603,5.789166695541805,-7.749512874884761,-7.496021220407345
854,0.7360100435656171,5.7211430999967785,-7.6677291656409965,-7.452072425792595
855,0.7220718494681425,5.783403284019894,-7.5873393550127,-7.498752363283281
856,0.7383345138194949,5.74901764260398,-7.6828572002273186,-7.473844384050287
857,0.7141263052474621,5.719806710879008,-7.535428187684808,-7.448947030502201
858,0.7556515715843023,5.757203797499339,-7.7664983003768056,-7.478547048062802
859,0.7671041910038437,6.654258661799961,-7.850918490254385,-8.0588287195748
860,0.7467554003693336,5.739312748114268,-7.731092894028553,-7.459496599307439
861,0.7144031058910281,5.642985039287144,-7.539793986035592,-7.394104846919701
862,0.7143115509388058,5.656399574544695,-7.537991152310706,-7.404657795616782
863,0.7117201405902241,5.678487446573046,-7.520957951860186,-7.417840740867916
864,0.7116669632667719,5.686505602465735,-7.5199538050416255,-7.4267422897285185
865,0.7170882868212323,5.809483183754815,-7.5464691936379324,-7.511625266304642
866,0.7808923898741257,6.106810609499614,-7.905122650694723,-7.712885392347553
867,0.7852485279704249,6.717908276451959,-7.945738876805,-8.08639280299773
868,0.7686974414559298,5.859127554628584,-7.846051436311377,-7.548739990284407
869,0.7315007054528525,5.746822045909034,-7.633756132319924,-7.467562900372509
870,0.7158274140468863,5.664419896072811,-7.542474629541545,-7.4074669028132085
871,0.7120185785515364,5.719932271374597,-7.523800441879046,-7.446357179916938
872,0.7539181997609693,5.649724834495121,-7.756754901011787,-7.3958165401499985
873,0.7061664337335631,5.643275843726264,-7.48706786183527,-7.391975960256035
874,0.7109236517617868,5.673913465605842,-7.506246728758668,-7.4123475209323475
875,0.7026693809864133,5.605408297644721,-7.465701740237309,-7.364295345265625
876,0.7120909291644429,5.667695257398817,-7.52880125897026,-7.4068293834481125
877,0.7402122076167617,5.976294696331024,-7.695642319473657,-7.6261647264740855
878,0.7202193016229674,6.270923217137654,-7.5701789232641845,-7.811652837564433
879,0.7623453495114348,5.821585608853234,-7.807253299679273,-7.522873362359245
880,0.7048342305560444,5.596791154808468,-7.476454307684537,-7.356297896230217
881,0.7013346339381018,5.586974746651119,-7.453960629530611,-7.349972297877029
882,0.7102980857671694,5.777100404103597,-7.508362296353014,-7.484997718711857
883,0.7229814950809922,5.63589432504442,-7.578365180651405,-7.388804496392646
884,0.7067865416061047,5.655818422635396,-7.489584403408963,-7.398635961244602
885,0.6971394738485647,5.584113796552022,-7.432262697248749,-7.350279989596554
886,0.6974319879398789,5.626312394936879,-7.43252878950442,-7.380498584969891
887,0.7795380237490632,5.7530651688575745,-7.880304904247233,-7.467052699816708
888,0.7065761100414187,5.557170768578847,-7.490022943180598,-7.328262589584008
889,0.7030759700509005,5.59917590353224,-7.4679706082288755,-7.359079391450603
890,0.7119290329689203,5.777990566359626,-7.521646289704312,-7.486967868272564
891,0.7623904693958371,12.521757178836399,-7.780091464351311,-10.475547923468634
892,1.1457880108855492,6.804343402385712,-9.434839752492799,-8.159518377970814
893,0.7928430202395417,6.007427745395237,-7.986861977898359,-7.647771851874585
894,0.7140130863633267,5.584142625331879,-7.538150411019716,-7.352087841049229
895,0.6929391949675804,5.50772351026535,-7.407020455206204,-7.290428838404812
896,0.694823932647705,5.581971757941776,-7.410582491901545,-7.344550106710189
897,0.7000399567360102,5.54811508125729,-7.449152418794817,-7.3197211434785965
898,0.69266923860062,5.519173953268263,-7.3949279709169575,-7.297119470024967
899,0.6888987008915392,5.4794482654995385,-7.376900870558666,-7.269299303109337
900,0.6892776356186978,5.54018912712733,-7.373436109063639,-7.313705957829768
901,0.6856139049973599,5.457928697268168,-7.363637759704901,-7.25343143574671
902,0.6920435905456543,5.666397843095991,-7.3982114143873785,-7.4101083677967114
903,0.696567941266437,5.554813736014896,-7.424482598861895,-7.32758109043262
904,0.6911743186240973,5.516848882039388,-7.398140821968677,-7.295328933830877
905,0.6891249102215434,5.497265603807238,-7.38779450084365,-7.284352848112728
906,0.688351453736771,5.506085568004185,-7.375298022116426,-7.2868027839484775
907,0.6861038318900174,5.475519835948944,-7.361437182951644,-7.263614868835769
908,0.6937351226806641,5.542798883385128,-7.406771673652977,-7.3167427862559755
909,0.7096791356108909,5.747705870204502,-7.50314122740207,-7.459434388083044
910,0.6850129415822583,5.44125552309884,-7.353988431704248,-7.238780282063053
911,0.6854513523190521,5.488955636819203,-7.359173853807961,-7.2790607876900095
912,0.6999172742976699,5.460284517871009,-7.448257016925031,-7.2521932401594364
913,0.6832241435383641,5.451354497008854,-7.346727091328245,-7.244695352346046
914,0.6849176650823549,5.560472839408451,-7.356405963046272,-7.3256042615884995
915,0.7007213304209154,5.6200583179791765,-7.459959812728834,-7.370176091010101
916,0.6838579377462698,5.439527875847286,-7.350670856118855,-7.237753742842191
917,0.6825724779173385,5.464348706934187,-7.3445742586607405,-7.25561351503357
918,0.6997828527938488,5.640433841281467,-7.448118479633821,-7.38024452289984
919,0.707655134866404,5.724707947836982,-7.493390664144949,-7.448127125860143
920,0.6972198952076047,6.361568755573696,-7.434694377316112,-7.86724710201299
921,0.7304340429084245,5.551764415370093,-7.63439044780985,-7.322855865825648
922,0.7021127656448719,5.513353798124525,-7.455257111494673,-7.296549468754169
923,0.6835419344347576,5.945785158210331,-7.34632947488048,-7.5962945943083
924,0.6994238099386526,5.438155227237278,-7.4400071853846965,-7.2366654301813345
925,0.6963035051212755,5.489386545287238,-7.420897124360844,-7.274677578554746
926,0.7001215868218,5.6072977383931475,-7.448543267554542,-7.3593566956688266
927,0.8019964462102845,11.40707442495558,-7.969338131116353,-10.089404416751446
928,1.0525785401810048,7.031454980373383,-9.179901784745072,-8.287529322344717
929,0.7967902116997297,5.9421389434072704,-8.008180554193986,-7.607888040167293
930,0.7345452219940896,5.770237829950121,-7.65830818043118,-7.487482620568309
931,0.7182351045830305,5.7413444254133434,-7.558386700281188,-7.469037673666808
932,0.722183939468029,5.655130094952053,-7.5893817556394865,-7.401726986016612
933,0.7037661131038222,5.556111269527012,-7.475974827843671,-7.328095387736787
934,0.6985349100689555,6.202852785587311,-7.435060131755257,-7.773136501724996
935,0.7224469916765079,5.844636612468296,-7.5844568117825,-7.5324420669709315
936,0.7021645501602528,5.768206662601894,-7.459683288515723,-7.478252124297222
937,0.7364567423975745,7.862404293484158,-7.625769145919055,-8.701472358605944
938,0.8671077351237453,5.857172542148167,-8.325666794089791,-7.536936323035103
939,0.7071503062580907,5.525370770030552,-7.490346285784711,-7.302516920047958
940,0.6805778703024221,5.392924229303996,-7.325772287759594,-7.1972193382967475
941,0.6759206062139467,5.364137669404347,-7.298576073995189,-7.177919151402932
942,0.6788729534592739,5.505453195836809,-7.320653562688128,-7.286233191446423
943,0.683121412853862,5.4566895961761475,-7.338550809342172,-7.247685806346232
944,0.676746115573617,5.354262789090474,-7.301468485049378,-7.1714201379661136
945,0.6698341391807379,5.346766776508755,-7.255960993214553,-7.165987091306066
946,0.6683737555215525,5.346705807579888,-7.251975434488059,-7.165775567587119
947,0.6768094195876011,5.415226757526398,-7.295766144073382,-7.214150983562468
948,0.7173719206521677,5.845905813905928,-7.553189962840713,-7.531259016625425
949,0.6816261247146961,5.349143935574426,-7.335570813976236,-7.164987283871238
950,0.6825184511583905,5.377286546760136,-7.336527216031715,-7.187196483864469
951,0.6833035757375318,5.3625139991442365,-7.341814495383037,-7.178678809545565
952,0.6913192283275515,5.546391526858012,-7.383773663886565,-7.315860830032752
953,0.6815210054087084,5.354041013452742,-7.33478812640869,-7.168981663935816
954,0.6674409489298976,5.342588669723934,-7.238473392608221,-7.162114503075084
955,0.6653978125993596,5.323378231790331,-7.233723619843327,-7.14719594736788
956,0.6631405142850654,5.42021984524197,-7.217734115429061,-7.220153828339003
957,0.6722857697065486,5.319840490818024,-7.269797821796322,-7.144583043663502
958,0.6648221215536428,5.32436724503835,-7.226941783667663,-7.144837059869677
959,0.6633751203847486,5.290182676580217,-7.215456966716728,-7.1206206338142675
960,0.6886834211127703,5.390173680252499,-7.3678122762049725,-7.194477679175733
961,0.6730999835701876,5.341621624098884,-7.265694970256107,-7.156485004911835
962,0.6704026887583178,6.076454023520152,-7.266674869056938,-7.681400173329684
963,0.8261376136957213,6.241136067443424,-8.096771126688244,-7.78586753145746
964,0.726671252139779,5.427231510480245,-7.6056303509958445,-7.226385208749057
965,0.6871890023697255,5.4044980141851635,-7.3648833523562915,-7.208525206427601
966,0.6724230855010277,5.458928512202369,-7.27793070073861,-7.250129870809569
967,0.665335508834484,5.317932731575436,-7.224116524326241,-7.143669157801439
968,0.6634172461753668,5.350206368499332,-7.212555258493295,-7.167818184731843
969,0.66136323130408,5.270450294017792,-7.2049994740699805,-7.105256947066701
970,0.6607959747314454,5.3396531674597,-7.202514235249816,-7.157455862412168
971,0.6581777106883914,5.2687869270642596,-7.185318560466599,-7.101684637317495
972,0.6656097833500352,5.439344187577565,-7.2243990884586555,-7.237040063288
973,0.6602320427118346,5.252973589632246,-7.197104305643272,-7.091501240305489
974,0.6576034146685933,5.232714169555241,-7.177488625953584,-7.077139736126347
975,0.6644967234411905,5.2894858254326715,-7.219989836427101,-7.118396170430851
976,0.661853251346322,5.2862301336394415,-7.207569328955001,-7.115996319720001
977,0.6642655416976574,5.250849551624722,-7.21845279746155,-7.086720544995753
978,0.6720303757246151,6.3055451777246265,-7.274287276930068,-7.825973597015764
979,0.7292322025742641,5.346046116616991,-7.598578673899824,-7.160805935776981
980,0.667747087256853,5.411399079693688,-7.232346537729014,-7.212939584304542
981,0.6964192057764808,5.451845539940728,-7.420253722390225,-7.244811401543815
982,0.7132094427596691,5.383723292085859,-7.523357061973331,-7.190073248665191
983,0.66056689772495,5.221716860930125,-7.19878593522791,-7.065427046181446
984,0.6515944880108501,5.201214982403649,-7.140145612648073,-7.046372865206737
985,0.6496732379114905,5.355470889144474,-7.125753252518596,-7.163346871769057
986,0.6586748278418253,5.23330404361089,-7.185448490681559,-7.071500604388145
987,0.6573630022448163,5.27885768810908,-7.174930465177716,-7.107741527769081
988,0.651337565932163,5.225261482927534,-7.1399619929366525,-7.065472013534811
989,0.6521492492320926,5.2654151519139605,-7.145216915571454,-7.100219267723759
990,0.8026480408601983,6.143683691819509,-7.994943023589275,-7.717929344781969
991,0.7169567329939022,5.595616400241852,-7.542147229580574,-7.346103809545023
992,0.6617728965226994,5.238616526126862,-7.197088239218396,-7.078178032401166
993,0.6920838222947232,5.402612129847209,-7.398546965645216,-7.206496349996183
994,0.665685855510623,5.25436086124844,-7.22690060263919,-7.091552109161681
995,0.6676792056061501,5.227312399281396,-7.244772602642748,-7.067848903635046
996,0.6636950759000556,5.930843472480774,-7.203110961371473,-7.582653200883753
997,0.7257696107376453,5.390383236938053,-7.5870968181705685,-7.194060027839431
998,0.6562686010848644,5.230621450477177,-7.174006325304168,-7.070444703630182
999,0.649502836271774,5.203511661953396,-7.128650689538728,-7.0494301496776375
